type,Adherence to Original Intent,Modularity,Extensibility and Maintainability,Readability and Structural Clarity,Process Rigor
risen,88.56989247311827,77.6774193548387,79.16129032258064,86.55913978494624,81.24731182795699
rodes,89.93548387096774,76.05376344086021,77.40860215053763,85.83870967741936,79.66666666666667
cnlp,88.9247311827957,87.0,86.0752688172043,87.6236559139785,86.50537634408602
